time,speaker,affiliation,title,abstract,type
09:00,Jane Smith,USyd,Opening Remarks,"Lorem ipsum dolor sit amet consectetur adipiscing elit quisque faucibus ex sapien vitae pellentesque sem placerat in id cursus mi pretium tellus duis convallis tempus leo eu aenean sed diam urna tempor pulvinar vivamus fringilla lacus nec metus bibendum egestas iaculis massa nisl malesuada lacinia integer nunc posuere ut hendrerit semper vel class aptent taciti sociosqu ad litora torquent per conubia nostra inceptos himenaeos orci varius natoque penatibus et magnis dis parturient montes nascetur ridiculus mus donec rhoncus eros lobortis nulla molestie mattis scelerisque maximus eget fermentum odio phasellus non purus est efficitur laoreet mauris pharetra vestibulum fusce dictum risus blandit quis suspendisse aliquet nisi sodales consequat magna ante condimentum neque at luctus nibh finibus facilisis dapibus etiam interdum tortor ligula congue sollicitudin erat viverra ac tincidunt nam porta elementum a enim euismod quam justo lectus commodo augue arcu dignissim velit aliquam imperdiet mollis nullam volutpat porttitor ullamcorper rutrum gravida cras eleifend turpis fames primis vulputate ornare sagittis vehicula praesent dui felis venenatis ultrices proin libero feugiat tristique accumsan maecenas potenti ultricies habitant morbi senectus netus suscipit auctor curabitur facilisi cubilia curae hac habitasse platea dictumst Lorem ipsum dolor sit amet consectetur adipiscing elit quisque faucibus ex sapien vitae pellentesque sem placerat in id cursus mi pretium tellus duis convallis tempus leo eu aenean sed diam urna tempor pulvinar vivamus fringilla lacus nec metus bibendum egestas iaculis massa nisl malesuada lacinia integer nunc posuere ut hendrerit semper vel class aptent taciti sociosqu ad litora torquent per conubia nostra inceptos himenaeos orci varius natoque penatibus et magnis dis parturient montes nascetur ridiculus mus donec rhoncus eros lobortis nulla molestie mattis scelerisque maximus eget fermentum odio phasellus non purus est efficitur laoreet mauris pharetra vestibulum fusce dictum risus blandit quis suspendisse aliquet nisi sodales consequat magna ante condimentum neque at luctus nibh finibus facilisis dapibus etiam interdum tortor ligula congue sollicitudin erat viverra ac tincidunt nam porta elementum a enim euismod quam justo lectus commodo augue arcu dignissim velit aliquam imperdiet mollis nullam volutpat porttitor ullamcorper rutrum gravida cras eleifend turpis fames primis vulputate ornare sagittis vehicula praesent dui felis venenatis ultrices proin libero feugiat tristique accumsan maecenas potenti ultricies habitant morbi senectus netus suscipit auctor curabitur facilisi cubilia curae hac habitasse platea dictumst lorem ipsum dolor sit amet consectetur adipiscing elit quisque faucibus ex sapien vitae pellentesque. pellentesque.",talk
09:15,Alex Brown,Macquarie,Talk 1,"Lorem ipsum dolor sit amet consectetur adipiscing elit quisque faucibus ex sapien vitae pellentesque sem placerat in id cursus mi pretium tellus duis convallis tempus leo eu aenean sed diam urna tempor pulvinar vivamus fringilla lacus nec metus bibendum egestas iaculis massa nisl malesuada lacinia integer nunc posuere ut hendrerit semper vel class aptent taciti sociosqu ad litora torquent per conubia nostra inceptos himenaeos orci varius natoque penatibus et magnis dis parturient montes nascetur ridiculus mus donec rhoncus eros lobortis nulla molestie mattis scelerisque maximus eget fermentum odio phasellus non purus est efficitur laoreet mauris pharetra vestibulum fusce dictum risus blandit quis suspendisse aliquet nisi sodales consequat magna ante condimentum neque at luctus nibh finibus facilisis dapibus etiam interdum tortor ligula congue sollicitudin erat viverra ac tincidunt nam porta elementum a enim euismod quam justo lectus commodo augue arcu dignissim velit aliquam imperdiet mollis nullam volutpat porttitor ullamcorper rutrum gravida cras eleifend turpis fames primis vulputate ornare sagittis vehicula praesent dui felis venenatis ultrices proin libero feugiat tristique accumsan maecenas potenti ultricies habitant morbi senectus netus suscipit auctor curabitur facilisi cubilia curae hac habitasse platea dictumst lorem ipsum dolor sit amet consectetur adipiscing elit quisque faucibus ex sapien vitae pellentesque. pellentesque.",talk
09:30,Casey Lee,UNSW,Talk 2,"Lorem ipsum dolor sit amet consectetur adipiscing elit quisque faucibus ex sapien vitae pellentesque sem placerat in id cursus mi pretium tellus duis convallis tempus leo eu aenean sed diam urna tempor pulvinar vivamus fringilla lacus nec metus bibendum egestas iaculis massa nisl malesuada lacinia integer nunc posuere ut hendrerit semper vel class aptent taciti sociosqu ad litora torquent per conubia nostra inceptos himenaeos orci varius natoque penatibus et magnis dis parturient montes nascetur ridiculus mus donec rhoncus eros lobortis nulla molestie mattis scelerisque maximus eget fermentum odio phasellus non purus est efficitur laoreet mauris pharetra vestibulum fusce dictum risus blandit quis suspendisse aliquet nisi sodales consequat magna ante condimentum neque at luctus nibh finibus facilisis dapibus etiam interdum tortor ligula congue sollicitudin erat viverra ac tincidunt nam porta elementum a enim euismod quam justo lectus commodo augue arcu dignissim velit aliquam imperdiet mollis nullam volutpat porttitor ullamcorper rutrum gravida cras eleifend turpis fames primis vulputate ornare sagittis vehicula praesent dui felis venenatis ultrices proin libero feugiat tristique accumsan maecenas potenti ultricies habitant morbi senectus netus suscipit auctor curabitur facilisi cubilia curae hac habitasse platea dictumst lorem ipsum dolor sit amet consectetur adipiscing elit quisque faucibus ex sapien vitae pellentesque. pellentesque.",talk
09:45,Maria Gomez,UQ,Talk 3,"Lorem ipsum dolor sit amet consectetur adipiscing elit quisque faucibus ex sapien vitae pellentesque sem placerat in id cursus mi pretium tellus duis convallis tempus leo eu aenean sed diam urna tempor pulvinar vivamus fringilla lacus nec metus bibendum egestas iaculis massa nisl malesuada lacinia integer nunc posuere ut hendrerit semper vel class aptent taciti sociosqu ad litora torquent per conubia nostra inceptos himenaeos orci varius natoque penatibus et magnis dis parturient montes nascetur ridiculus mus donec rhoncus eros lobortis nulla molestie mattis scelerisque maximus eget fermentum odio phasellus non purus est efficitur laoreet mauris pharetra vestibulum fusce dictum risus blandit quis suspendisse aliquet nisi sodales consequat magna ante condimentum neque at luctus nibh finibus facilisis dapibus etiam interdum tortor ligula congue sollicitudin erat viverra ac tincidunt nam porta elementum a enim euismod quam justo lectus commodo augue arcu dignissim velit aliquam imperdiet mollis nullam volutpat porttitor ullamcorper rutrum gravida cras eleifend turpis fames primis vulputate ornare sagittis vehicula praesent dui felis venenatis ultrices proin libero feugiat tristique accumsan maecenas potenti ultricies habitant morbi senectus netus suscipit auctor curabitur facilisi cubilia curae hac habitasse platea dictumst lorem ipsum dolor sit amet consectetur adipiscing elit quisque faucibus ex sapien vitae pellentesque. pellentesque.",talk
10:00,,,Morning Break,,break,
10:30,Tom Wright,ANU,Talk 4,"Lorem ipsum dolor sit amet consectetur adipiscing elit quisque faucibus ex sapien vitae pellentesque sem placerat in id cursus mi pretium tellus duis convallis tempus leo eu aenean sed diam urna tempor pulvinar vivamus fringilla lacus nec metus bibendum egestas iaculis massa nisl malesuada lacinia integer nunc posuere ut hendrerit semper vel class aptent taciti sociosqu ad litora torquent per conubia nostra inceptos himenaeos orci varius natoque penatibus et magnis dis parturient montes nascetur ridiculus mus donec rhoncus eros lobortis nulla molestie mattis scelerisque maximus eget fermentum odio phasellus non purus est efficitur laoreet mauris pharetra vestibulum fusce dictum risus blandit quis suspendisse aliquet nisi sodales consequat magna ante condimentum neque at luctus nibh finibus facilisis dapibus etiam interdum tortor ligula congue sollicitudin erat viverra ac tincidunt nam porta elementum a enim euismod quam justo lectus commodo augue arcu dignissim velit aliquam imperdiet mollis nullam volutpat porttitor ullamcorper rutrum gravida cras eleifend turpis fames primis vulputate ornare sagittis vehicula praesent dui felis venenatis ultrices proin libero feugiat tristique accumsan maecenas potenti ultricies habitant morbi senectus netus suscipit auctor curabitur facilisi cubilia curae hac habitasse platea dictumst lorem ipsum dolor sit amet consectetur adipiscing elit quisque faucibus ex sapien vitae pellentesque. pellentesque.",talk
10:45,Sarah Johnson,USyd,Talk 5,"Lorem ipsum dolor sit amet consectetur adipiscing elit quisque faucibus ex sapien vitae pellentesque sem placerat in id cursus mi pretium tellus duis convallis tempus leo eu aenean sed diam urna tempor pulvinar vivamus fringilla lacus nec metus bibendum egestas iaculis massa nisl malesuada lacinia integer nunc posuere ut hendrerit semper vel class aptent taciti sociosqu ad litora torquent per conubia nostra inceptos himenaeos orci varius natoque penatibus et magnis dis parturient montes nascetur ridiculus mus donec rhoncus eros lobortis nulla molestie mattis scelerisque maximus eget fermentum odio phasellus non purus est efficitur laoreet mauris pharetra vestibulum fusce dictum risus blandit quis suspendisse aliquet nisi sodales consequat magna ante condimentum neque at luctus nibh finibus facilisis dapibus etiam interdum tortor ligula congue sollicitudin erat viverra ac tincidunt nam porta elementum a enim euismod quam justo lectus commodo augue arcu dignissim velit aliquam imperdiet mollis nullam volutpat porttitor ullamcorper rutrum gravida cras eleifend turpis fames primis vulputate ornare sagittis vehicula praesent dui felis venenatis ultrices proin libero feugiat tristique accumsan maecenas potenti ultricies habitant morbi senectus netus suscipit auctor curabitur facilisi cubilia curae hac habitasse platea dictumst lorem ipsum dolor sit amet consectetur adipiscing elit quisque faucibus ex sapien vitae pellentesque. pellentesque.",talk
11:00,David Kim,UNSW,Talk 6,"Lorem ipsum dolor sit amet consectetur adipiscing elit quisque faucibus ex sapien vitae pellentesque sem placerat in id cursus mi pretium tellus duis convallis tempus leo eu aenean sed diam urna tempor pulvinar vivamus fringilla lacus nec metus bibendum egestas iaculis massa nisl malesuada lacinia integer nunc posuere ut hendrerit semper vel class aptent taciti sociosqu ad litora torquent per conubia nostra inceptos himenaeos orci varius natoque penatibus et magnis dis parturient montes nascetur ridiculus mus donec rhoncus eros lobortis nulla molestie mattis scelerisque maximus eget fermentum odio phasellus non purus est efficitur laoreet mauris pharetra vestibulum fusce dictum risus blandit quis suspendisse aliquet nisi sodales consequat magna ante condimentum neque at luctus nibh finibus facilisis dapibus etiam interdum tortor ligula congue sollicitudin erat viverra ac tincidunt nam porta elementum a enim euismod quam justo lectus commodo augue arcu dignissim velit aliquam imperdiet mollis nullam volutpat porttitor ullamcorper rutrum gravida cras eleifend turpis fames primis vulputate ornare sagittis vehicula praesent dui felis venenatis ultrices proin libero feugiat tristique accumsan maecenas potenti ultricies habitant morbi senectus netus suscipit auctor curabitur facilisi cubilia curae hac habitasse platea dictumst lorem ipsum dolor sit amet consectetur adipiscing elit quisque faucibus ex sapien vitae pellentesque. pellentesque.",talk
11:15,Linda Chen,UTS,Talk 7,"Lorem ipsum dolor sit amet consectetur adipiscing elit quisque faucibus ex sapien vitae pellentesque sem placerat in id cursus mi pretium tellus duis convallis tempus leo eu aenean sed diam urna tempor pulvinar vivamus fringilla lacus nec metus bibendum egestas iaculis massa nisl malesuada lacinia integer nunc posuere ut hendrerit semper vel class aptent taciti sociosqu ad litora torquent per conubia nostra inceptos himenaeos orci varius natoque penatibus et magnis dis parturient montes nascetur ridiculus mus donec rhoncus eros lobortis nulla molestie mattis scelerisque maximus eget fermentum odio phasellus non purus est efficitur laoreet mauris pharetra vestibulum fusce dictum risus blandit quis suspendisse aliquet nisi sodales consequat magna ante condimentum neque at luctus nibh finibus facilisis dapibus etiam interdum tortor ligula congue sollicitudin erat viverra ac tincidunt nam porta elementum a enim euismod quam justo lectus commodo augue arcu dignissim velit aliquam imperdiet mollis nullam volutpat porttitor ullamcorper rutrum gravida cras eleifend turpis fames primis vulputate ornare sagittis vehicula praesent dui felis venenatis ultrices proin libero feugiat tristique accumsan maecenas potenti ultricies habitant morbi senectus netus suscipit auctor curabitur facilisi cubilia curae hac habitasse platea dictumst lorem ipsum dolor sit amet consectetur adipiscing elit quisque faucibus ex sapien vitae pellentesque. pellentesque.",talk
11:30,Michael Brown,Monash,Talk 8,"Lorem ipsum dolor sit amet consectetur adipiscing elit quisque faucibus ex sapien vitae pellentesque sem placerat in id cursus mi pretium tellus duis convallis tempus leo eu aenean sed diam urna tempor pulvinar vivamus fringilla lacus nec metus bibendum egestas iaculis massa nisl malesuada lacinia integer nunc posuere ut hendrerit semper vel class aptent taciti sociosqu ad litora torquent per conubia nostra inceptos himenaeos orci varius natoque penatibus et magnis dis parturient montes nascetur ridiculus mus donec rhoncus eros lobortis nulla molestie mattis scelerisque maximus eget fermentum odio phasellus non purus est efficitur laoreet mauris pharetra vestibulum fusce dictum risus blandit quis suspendisse aliquet nisi sodales consequat magna ante condimentum neque at luctus nibh finibus facilisis dapibus etiam interdum tortor ligula congue sollicitudin erat viverra ac tincidunt nam porta elementum a enim euismod quam justo lectus commodo augue arcu dignissim velit aliquam imperdiet mollis nullam volutpat porttitor ullamcorper rutrum gravida cras eleifend turpis fames primis vulputate ornare sagittis vehicula praesent dui felis venenatis ultrices proin libero feugiat tristique accumsan maecenas potenti ultricies habitant morbi senectus netus suscipit auctor curabitur facilisi cubilia curae hac habitasse platea dictumst lorem ipsum dolor sit amet consectetur adipiscing elit quisque faucibus ex sapien vitae pellentesque. pellentesque.",talk
11:45,Ana Torres,Melbourne,Talk 9,"Lorem ipsum dolor sit amet consectetur adipiscing elit quisque faucibus ex sapien vitae pellentesque sem placerat in id cursus mi pretium tellus duis convallis tempus leo eu aenean sed diam urna tempor pulvinar vivamus fringilla lacus nec metus bibendum egestas iaculis massa nisl malesuada lacinia integer nunc posuere ut hendrerit semper vel class aptent taciti sociosqu ad litora torquent per conubia nostra inceptos himenaeos orci varius natoque penatibus et magnis dis parturient montes nascetur ridiculus mus donec rhoncus eros lobortis nulla molestie mattis scelerisque maximus eget fermentum odio phasellus non purus est efficitur laoreet mauris pharetra vestibulum fusce dictum risus blandit quis suspendisse aliquet nisi sodales consequat magna ante condimentum neque at luctus nibh finibus facilisis dapibus etiam interdum tortor ligula congue sollicitudin erat viverra ac tincidunt nam porta elementum a enim euismod quam justo lectus commodo augue arcu dignissim velit aliquam imperdiet mollis nullam volutpat porttitor ullamcorper rutrum gravida cras eleifend turpis fames primis vulputate ornare sagittis vehicula praesent dui felis venenatis ultrices proin libero feugiat tristique accumsan maecenas potenti ultricies habitant morbi senectus netus suscipit auctor curabitur facilisi cubilia curae hac habitasse platea dictumst lorem ipsum dolor sit amet consectetur adipiscing elit quisque faucibus ex sapien vitae pellentesque. pellentesque.",talk
12:00,,,Lunch Break,,break,
13:00,John Smith,USyd,Talk 10,"Lorem ipsum dolor sit amet consectetur adipiscing elit quisque faucibus ex sapien vitae pellentesque sem placerat in id cursus mi pretium tellus duis convallis tempus leo eu aenean sed diam urna tempor pulvinar vivamus fringilla lacus nec metus bibendum egestas iaculis massa nisl malesuada lacinia integer nunc posuere ut hendrerit semper vel class aptent taciti sociosqu ad litora torquent per conubia nostra inceptos himenaeos orci varius natoque penatibus et magnis dis parturient montes nascetur ridiculus mus donec rhoncus eros lobortis nulla molestie mattis scelerisque maximus eget fermentum odio phasellus non purus est efficitur laoreet mauris pharetra vestibulum fusce dictum risus blandit quis suspendisse aliquet nisi sodales consequat magna ante condimentum neque at luctus nibh finibus facilisis dapibus etiam interdum tortor ligula congue sollicitudin erat viverra ac tincidunt nam porta elementum a enim euismod quam justo lectus commodo augue arcu dignissim velit aliquam imperdiet mollis nullam volutpat porttitor ullamcorper rutrum gravida cras eleifend turpis fames primis vulputate ornare sagittis vehicula praesent dui felis venenatis ultrices proin libero feugiat tristique accumsan maecenas potenti ultricies habitant morbi senectus netus suscipit auctor curabitur facilisi cubilia curae hac habitasse platea dictumst lorem ipsum dolor sit amet consectetur adipiscing elit quisque faucibus ex sapien vitae pellentesque. pellentesque.",talk
13:15,Emma Davis,Macquarie,Talk 11,"Lorem ipsum dolor sit amet consectetur adipiscing elit quisque faucibus ex sapien vitae pellentesque sem placerat in id cursus mi pretium tellus duis convallis tempus leo eu aenean sed diam urna tempor pulvinar vivamus fringilla lacus nec metus bibendum egestas iaculis massa nisl malesuada lacinia integer nunc posuere ut hendrerit semper vel class aptent taciti sociosqu ad litora torquent per conubia nostra inceptos himenaeos orci varius natoque penatibus et magnis dis parturient montes nascetur ridiculus mus donec rhoncus eros lobortis nulla molestie mattis scelerisque maximus eget fermentum odio phasellus non purus est efficitur laoreet mauris pharetra vestibulum fusce dictum risus blandit quis suspendisse aliquet nisi sodales consequat magna ante condimentum neque at luctus nibh finibus facilisis dapibus etiam interdum tortor ligula congue sollicitudin erat viverra ac tincidunt nam porta elementum a enim euismod quam justo lectus commodo augue arcu dignissim velit aliquam imperdiet mollis nullam volutpat porttitor ullamcorper rutrum gravida cras eleifend turpis fames primis vulputate ornare sagittis vehicula praesent dui felis venenatis ultrices proin libero feugiat tristique accumsan maecenas potenti ultricies habitant morbi senectus netus suscipit auctor curabitur facilisi cubilia curae hac habitasse platea dictumst lorem ipsum dolor sit amet consectetur adipiscing elit quisque faucibus ex sapien vitae pellentesque. pellentesque.",talk
13:30,Liam Wilson,ANU,Talk 12,"Lorem ipsum dolor sit amet consectetur adipiscing elit quisque faucibus ex sapien vitae pellentesque sem placerat in id cursus mi pretium tellus duis convallis tempus leo eu aenean sed diam urna tempor pulvinar vivamus fringilla lacus nec metus bibendum egestas iaculis massa nisl malesuada lacinia integer nunc posuere ut hendrerit semper vel class aptent taciti sociosqu ad litora torquent per conubia nostra inceptos himenaeos orci varius natoque penatibus et magnis dis parturient montes nascetur ridiculus mus donec rhoncus eros lobortis nulla molestie mattis scelerisque maximus eget fermentum odio phasellus non purus est efficitur laoreet mauris pharetra vestibulum fusce dictum risus blandit quis suspendisse aliquet nisi sodales consequat magna ante condimentum neque at luctus nibh finibus facilisis dapibus etiam interdum tortor ligula congue sollicitudin erat viverra ac tincidunt nam porta elementum a enim euismod quam justo lectus commodo augue arcu dignissim velit aliquam imperdiet mollis nullam volutpat porttitor ullamcorper rutrum gravida cras eleifend turpis fames primis vulputate ornare sagittis vehicula praesent dui felis venenatis ultrices proin libero feugiat tristique accumsan maecenas potenti ultricies habitant morbi senectus netus suscipit auctor curabitur facilisi cubilia curae hac habitasse platea dictumst lorem ipsum dolor sit amet consectetur adipiscing elit quisque faucibus ex sapien vitae pellentesque. pellentesque.",talk
13:45,Olivia Taylor,UNSW,Talk 13,"Lorem ipsum dolor sit amet consectetur adipiscing elit quisque faucibus ex sapien vitae pellentesque sem placerat in id cursus mi pretium tellus duis convallis tempus leo eu aenean sed diam urna tempor pulvinar vivamus fringilla lacus nec metus bibendum egestas iaculis massa nisl malesuada lacinia integer nunc posuere ut hendrerit semper vel class aptent taciti sociosqu ad litora torquent per conubia nostra inceptos himenaeos orci varius natoque penatibus et magnis dis parturient montes nascetur ridiculus mus donec rhoncus eros lobortis nulla molestie mattis scelerisque maximus eget fermentum odio phasellus non purus est efficitur laoreet mauris pharetra vestibulum fusce dictum risus blandit quis suspendisse aliquet nisi sodales consequat magna ante condimentum neque at luctus nibh finibus facilisis dapibus etiam interdum tortor ligula congue sollicitudin erat viverra ac tincidunt nam porta elementum a enim euismod quam justo lectus commodo augue arcu dignissim velit aliquam imperdiet mollis nullam volutpat porttitor ullamcorper rutrum gravida cras eleifend turpis fames primis vulputate ornare sagittis vehicula praesent dui felis venenatis ultrices proin libero feugiat tristique accumsan maecenas potenti ultricies habitant morbi senectus netus suscipit auctor curabitur facilisi cubilia curae hac habitasse platea dictumst lorem ipsum dolor sit amet consectetur adipiscing elit quisque faucibus ex sapien vitae pellentesque. pellentesque.",talk
14:00,Ethan Martinez,UQ,Talk 14,"Lorem ipsum dolor sit amet consectetur adipiscing elit quisque faucibus ex sapien vitae pellentesque sem placerat in id cursus mi pretium tellus duis convallis tempus leo eu aenean sed diam urna tempor pulvinar vivamus fringilla lacus nec metus bibendum egestas iaculis massa nisl malesuada lacinia integer nunc posuere ut hendrerit semper vel class aptent taciti sociosqu ad litora torquent per conubia nostra inceptos himenaeos orci varius natoque penatibus et magnis dis parturient montes nascetur ridiculus mus donec rhoncus eros lobortis nulla molestie mattis scelerisque maximus eget fermentum odio phasellus non purus est efficitur laoreet mauris pharetra vestibulum fusce dictum risus blandit quis suspendisse aliquet nisi sodales consequat magna ante condimentum neque at luctus nibh finibus facilisis dapibus etiam interdum tortor ligula congue sollicitudin erat viverra ac tincidunt nam porta elementum a enim euismod quam justo lectus commodo augue arcu dignissim velit aliquam imperdiet mollis nullam volutpat porttitor ullamcorper rutrum gravida cras eleifend turpis fames primis vulputate ornare sagittis vehicula praesent dui felis venenatis ultrices proin libero feugiat tristique accumsan maecenas potenti ultricies habitant morbi senectus netus suscipit auctor curabitur facilisi cubilia curae hac habitasse platea dictumst lorem ipsum dolor sit amet consectetur adipiscing elit quisque faucibus ex sapien vitae pellentesque. pellentesque.",talk
14:15,Sophia White,UTS,Talk 15,"Lorem ipsum dolor sit amet consectetur adipiscing elit quisque faucibus ex sapien vitae pellentesque sem placerat in id cursus mi pretium tellus duis convallis tempus leo eu aenean sed diam urna tempor pulvinar vivamus fringilla lacus nec metus bibendum egestas iaculis massa nisl malesuada lacinia integer nunc posuere ut hendrerit semper vel class aptent taciti sociosqu ad litora torquent per conubia nostra inceptos himenaeos orci varius natoque penatibus et magnis dis parturient montes nascetur ridiculus mus donec rhoncus eros lobortis nulla molestie mattis scelerisque maximus eget fermentum odio phasellus non purus est efficitur laoreet mauris pharetra vestibulum fusce dictum risus blandit quis suspendisse aliquet nisi sodales consequat magna ante condimentum neque at luctus nibh finibus facilisis dapibus etiam interdum tortor ligula congue sollicitudin erat viverra ac tincidunt nam porta elementum a enim euismod quam justo lectus commodo augue arcu dignissim velit aliquam imperdiet mollis nullam volutpat porttitor ullamcorper rutrum gravida cras eleifend turpis fames primis vulputate ornare sagittis vehicula praesent dui felis venenatis ultrices proin libero feugiat tristique accumsan maecenas potenti ultricies habitant morbi senectus netus suscipit auctor curabitur facilisi cubilia curae hac habitasse platea dictumst lorem ipsum dolor sit amet consectetur adipiscing elit quisque faucibus ex sapien vitae pellentesque. pellentesque.",talk
14:30,Daniel Harris,Melbourne,Talk 16,"Lorem ipsum dolor sit amet consectetur adipiscing elit quisque faucibus ex sapien vitae pellentesque sem placerat in id cursus mi pretium tellus duis convallis tempus leo eu aenean sed diam urna tempor pulvinar vivamus fringilla lacus nec metus bibendum egestas iaculis massa nisl malesuada lacinia integer nunc posuere ut hendrerit semper vel class aptent taciti sociosqu ad litora torquent per conubia nostra inceptos himenaeos orci varius natoque penatibus et magnis dis parturient montes nascetur ridiculus mus donec rhoncus eros lobortis nulla molestie mattis scelerisque maximus eget fermentum odio phasellus non purus est efficitur laoreet mauris pharetra vestibulum fusce dictum risus blandit quis suspendisse aliquet nisi sodales consequat magna ante condimentum neque at luctus nibh finibus facilisis dapibus etiam interdum tortor ligula congue sollicitudin erat viverra ac tincidunt nam porta elementum a enim euismod quam justo lectus commodo augue arcu dignissim velit aliquam imperdiet mollis nullam volutpat porttitor ullamcorper rutrum gravida cras eleifend turpis fames primis vulputate ornare sagittis vehicula praesent dui felis venenatis ultrices proin libero feugiat tristique accumsan maecenas potenti ultricies habitant morbi senectus netus suscipit auctor curabitur facilisi cubilia curae hac habitasse platea dictumst lorem ipsum dolor sit amet consectetur adipiscing elit quisque faucibus ex sapien vitae pellentesque. pellentesque.",talk
14:45,Isabella Moore,Monash,Talk 17,"Lorem ipsum dolor sit amet consectetur adipiscing elit quisque faucibus ex sapien vitae pellentesque sem placerat in id cursus mi pretium tellus duis convallis tempus leo eu aenean sed diam urna tempor pulvinar vivamus fringilla lacus nec metus bibendum egestas iaculis massa nisl malesuada lacinia integer nunc posuere ut hendrerit semper vel class aptent taciti sociosqu ad litora torquent per conubia nostra inceptos himenaeos orci varius natoque penatibus et magnis dis parturient montes nascetur ridiculus mus donec rhoncus eros lobortis nulla molestie mattis scelerisque maximus eget fermentum odio phasellus non purus est efficitur laoreet mauris pharetra vestibulum fusce dictum risus blandit quis suspendisse aliquet nisi sodales consequat magna ante condimentum neque at luctus nibh finibus facilisis dapibus etiam interdum tortor ligula congue sollicitudin erat viverra ac tincidunt nam porta elementum a enim euismod quam justo lectus commodo augue arcu dignissim velit aliquam imperdiet mollis nullam volutpat porttitor ullamcorper rutrum gravida cras eleifend turpis fames primis vulputate ornare sagittis vehicula praesent dui felis venenatis ultrices proin libero feugiat tristique accumsan maecenas potenti ultricies habitant morbi senectus netus suscipit auctor curabitur facilisi cubilia curae hac habitasse platea dictumst lorem ipsum dolor sit amet consectetur adipiscing elit quisque faucibus ex sapien vitae pellentesque. pellentesque.",talk
15:00,,,Afternoon Break,,break,
15:30,James Anderson,USyd,Talk 18,"Lorem ipsum dolor sit amet consectetur adipiscing elit quisque faucibus ex sapien vitae pellentesque sem placerat in id cursus mi pretium tellus duis convallis tempus leo eu aenean sed diam urna tempor pulvinar vivamus fringilla lacus nec metus bibendum egestas iaculis massa nisl malesuada lacinia integer nunc posuere ut hendrerit semper vel class aptent taciti sociosqu ad litora torquent per conubia nostra inceptos himenaeos orci varius natoque penatibus et magnis dis parturient montes nascetur ridiculus mus donec rhoncus eros lobortis nulla molestie mattis scelerisque maximus eget fermentum odio phasellus non purus est efficitur laoreet mauris pharetra vestibulum fusce dictum risus blandit quis suspendisse aliquet nisi sodales consequat magna ante condimentum neque at luctus nibh finibus facilisis dapibus etiam interdum tortor ligula congue sollicitudin erat viverra ac tincidunt nam porta elementum a enim euismod quam justo lectus commodo augue arcu dignissim velit aliquam imperdiet mollis nullam volutpat porttitor ullamcorper rutrum gravida cras eleifend turpis fames primis vulputate ornare sagittis vehicula praesent dui felis venenatis ultrices proin libero feugiat tristique accumsan maecenas potenti ultricies habitant morbi senectus netus suscipit auctor curabitur facilisi cubilia curae hac habitasse platea dictumst lorem ipsum dolor sit amet consectetur adipiscing elit quisque faucibus ex sapien vitae pellentesque. pellentesque.",talk
15:45,Grace Thompson,Macquarie,Talk 19,"Lorem ipsum dolor sit amet consectetur adipiscing elit quisque faucibus ex sapien vitae pellentesque sem placerat in id cursus mi pretium tellus duis convallis tempus leo eu aenean sed diam urna tempor pulvinar vivamus fringilla lacus nec metus bibendum egestas iaculis massa nisl malesuada lacinia integer nunc posuere ut hendrerit semper vel class aptent taciti sociosqu ad litora torquent per conubia nostra inceptos himenaeos orci varius natoque penatibus et magnis dis parturient montes nascetur ridiculus mus donec rhoncus eros lobortis nulla molestie mattis scelerisque maximus eget fermentum odio phasellus non purus est efficitur laoreet mauris pharetra vestibulum fusce dictum risus blandit quis suspendisse aliquet nisi sodales consequat magna ante condimentum neque at luctus nibh finibus facilisis dapibus etiam interdum tortor ligula congue sollicitudin erat viverra ac tincidunt nam porta elementum a enim euismod quam justo lectus commodo augue arcu dignissim velit aliquam imperdiet mollis nullam volutpat porttitor ullamcorper rutrum gravida cras eleifend turpis fames primis vulputate ornare sagittis vehicula praesent dui felis venenatis ultrices proin libero feugiat tristique accumsan maecenas potenti ultricies habitant morbi senectus netus suscipit auctor curabitur facilisi cubilia curae hac habitasse platea dictumst lorem ipsum dolor sit amet consectetur adipiscing elit quisque faucibus ex sapien vitae pellentesque. pellentesque.",talk
16:00,Lucas Robinson,UNSW,Talk 20,"Lorem ipsum dolor sit amet consectetur adipiscing elit quisque faucibus ex sapien vitae pellentesque sem placerat in id cursus mi pretium tellus duis convallis tempus leo eu aenean sed diam urna tempor pulvinar vivamus fringilla lacus nec metus bibendum egestas iaculis massa nisl malesuada lacinia integer nunc posuere ut hendrerit semper vel class aptent taciti sociosqu ad litora torquent per conubia nostra inceptos himenaeos orci varius natoque penatibus et magnis dis parturient montes nascetur ridiculus mus donec rhoncus eros lobortis nulla molestie mattis scelerisque maximus eget fermentum odio phasellus non purus est efficitur laoreet mauris pharetra vestibulum fusce dictum risus blandit quis suspendisse aliquet nisi sodales consequat magna ante condimentum neque at luctus nibh finibus facilisis dapibus etiam interdum tortor ligula congue sollicitudin erat viverra ac tincidunt nam porta elementum a enim euismod quam justo lectus commodo augue arcu dignissim velit aliquam imperdiet mollis nullam volutpat porttitor ullamcorper rutrum gravida cras eleifend turpis fames primis vulputate ornare sagittis vehicula praesent dui felis venenatis ultrices proin libero feugiat tristique accumsan maecenas potenti ultricies habitant morbi senectus netus suscipit auctor curabitur facilisi cubilia curae hac habitasse platea dictumst lorem ipsum dolor sit amet consectetur adipiscing elit quisque faucibus ex sapien vitae pellentesque. pellentesque.",talk
16:15,Amelia Walker,ANU,Talk 21,"Lorem ipsum dolor sit amet consectetur adipiscing elit quisque faucibus ex sapien vitae pellentesque sem placerat in id cursus mi pretium tellus duis convallis tempus leo eu aenean sed diam urna tempor pulvinar vivamus fringilla lacus nec metus bibendum egestas iaculis massa nisl malesuada lacinia integer nunc posuere ut hendrerit semper vel class aptent taciti sociosqu ad litora torquent per conubia nostra inceptos himenaeos orci varius natoque penatibus et magnis dis parturient montes nascetur ridiculus mus donec rhoncus eros lobortis nulla molestie mattis scelerisque maximus eget fermentum odio phasellus non purus est efficitur laoreet mauris pharetra vestibulum fusce dictum risus blandit quis suspendisse aliquet nisi sodales consequat magna ante condimentum neque at luctus nibh finibus facilisis dapibus etiam interdum tortor ligula congue sollicitudin erat viverra ac tincidunt nam porta elementum a enim euismod quam justo lectus commodo augue arcu dignissim velit aliquam imperdiet mollis nullam volutpat porttitor ullamcorper rutrum gravida cras eleifend turpis fames primis vulputate ornare sagittis vehicula praesent dui felis venenatis ultrices proin libero feugiat tristique accumsan maecenas potenti ultricies habitant morbi senectus netus suscipit auctor curabitur facilisi cubilia curae hac habitasse platea dictumst lorem ipsum dolor sit amet consectetur adipiscing elit quisque faucibus ex sapien vitae pellentesque. pellentesque.",talk
16:30,Benjamin Hall,Melbourne,Talk 22,"Lorem ipsum dolor sit amet consectetur adipiscing elit quisque faucibus ex sapien vitae pellentesque sem placerat in id cursus mi pretium tellus duis convallis tempus leo eu aenean sed diam urna tempor pulvinar vivamus fringilla lacus nec metus bibendum egestas iaculis massa nisl malesuada lacinia integer nunc posuere ut hendrerit semper vel class aptent taciti sociosqu ad litora torquent per conubia nostra inceptos himenaeos orci varius natoque penatibus et magnis dis parturient montes nascetur ridiculus mus donec rhoncus eros lobortis nulla molestie mattis scelerisque maximus eget fermentum odio phasellus non purus est efficitur laoreet mauris pharetra vestibulum fusce dictum risus blandit quis suspendisse aliquet nisi sodales consequat magna ante condimentum neque at luctus nibh finibus facilisis dapibus etiam interdum tortor ligula congue sollicitudin erat viverra ac tincidunt nam porta elementum a enim euismod quam justo lectus commodo augue arcu dignissim velit aliquam imperdiet mollis nullam volutpat porttitor ullamcorper rutrum gravida cras eleifend turpis fames primis vulputate ornare sagittis vehicula praesent dui felis venenatis ultrices proin libero feugiat tristique accumsan maecenas potenti ultricies habitant morbi senectus netus suscipit auctor curabitur facilisi cubilia curae hac habitasse platea dictumst lorem ipsum dolor sit amet consectetur adipiscing elit quisque faucibus ex sapien vitae pellentesque. pellentesque.",talk
16:45,Mia Scott,Monash,Closing Remarks,"Lorem ipsum dolor sit amet consectetur adipiscing elit quisque faucibus ex sapien vitae pellentesque sem placerat in id cursus mi pretium tellus duis convallis tempus leo eu aenean sed diam urna tempor pulvinar vivamus fringilla lacus nec metus bibendum egestas iaculis massa nisl malesuada lacinia integer nunc posuere ut hendrerit semper vel class aptent taciti sociosqu ad litora torquent per conubia nostra inceptos himenaeos orci varius natoque penatibus et magnis dis parturient montes nascetur ridiculus mus donec rhoncus eros lobortis nulla molestie mattis scelerisque maximus eget fermentum odio phasellus non purus est efficitur laoreet mauris pharetra vestibulum fusce dictum risus blandit quis suspendisse aliquet nisi sodales consequat magna ante condimentum neque at luctus nibh finibus facilisis dapibus etiam interdum tortor ligula congue sollicitudin erat viverra ac tincidunt nam porta elementum a enim euismod quam justo lectus commodo augue arcu dignissim velit aliquam imperdiet mollis nullam volutpat porttitor ullamcorper rutrum gravida cras eleifend turpis fames primis vulputate ornare sagittis vehicula praesent dui felis venenatis ultrices proin libero feugiat tristique accumsan maecenas potenti ultricies habitant morbi senectus netus suscipit auctor curabitur facilisi cubilia curae hac habitasse platea dictumst lorem ipsum dolor sit amet consectetur adipiscing elit quisque faucibus ex sapien vitae pellentesque. pellentesque.",talk